{"cameraMode":{"drawMode":0,"name":"Shaded","section":"Shading Mode"},"sceneLighting":true,"audioPlay":false,"sceneViewState":{"showFog":true,"showMaterialUpdate":false,"showSkybox":true,"showFlares":true,"showImageEffects":true,"showParticleSystems":true},"in2DMode":false,"pivot":{"x":25.227983474731447,"y":-29.596921920776368,"z":8.800180435180664},"rotation":{"x":0.3325333595275879,"y":0.5271939635276794,"z":-0.23505499958992005,"w":0.7458131909370422},"size":41.698787689208987,"orthographic":false}