{"cameraMode":{"drawMode":0,"name":"Shaded","section":"Shading Mode"},"sceneLighting":false,"audioPlay":false,"sceneViewState":{"showFog":true,"showMaterialUpdate":false,"showSkybox":true,"showFlares":true,"showImageEffects":true,"showParticleSystems":true},"in2DMode":false,"pivot":{"x":0.5088851451873779,"y":0.5017670392990112,"z":0.5187698602676392},"rotation":{"x":0.10390640050172806,"y":-0.8870329260826111,"z":0.24379225075244904,"w":0.37807607650756838},"size":2.8578836917877199,"orthographic":false}