{"cameraMode":{"drawMode":0,"name":"Shaded","section":"Shading Mode"},"sceneLighting":true,"audioPlay":false,"sceneViewState":{"showFog":true,"showMaterialUpdate":false,"showSkybox":true,"showFlares":true,"showImageEffects":true,"showParticleSystems":true},"in2DMode":false,"pivot":{"x":-11.909753799438477,"y":-5.633824825286865,"z":1.0921366214752198},"rotation":{"x":0.21366819739341737,"y":-0.6101394891738892,"z":0.17559471726417542,"w":0.74245685338974},"size":22.0,"orthographic":false}