{"cameraMode":{"drawMode":0,"name":"Shaded","section":"Shading Mode"},"sceneLighting":true,"audioPlay":false,"sceneViewState":{"showFog":true,"showMaterialUpdate":false,"showSkybox":true,"showFlares":true,"showImageEffects":true,"showParticleSystems":true},"in2DMode":false,"pivot":{"x":0.9550341367721558,"y":-0.7487665414810181,"z":-1.0767076015472413},"rotation":{"x":-0.09285955876111984,"y":-0.9068565964698792,"z":0.2784503400325775,"w":-0.3024132251739502},"size":4.657884120941162,"orthographic":false}