{"cameraMode":{"drawMode":0,"name":"Shaded","section":"Shading Mode"},"sceneLighting":true,"audioPlay":false,"sceneViewState":{"showFog":true,"showMaterialUpdate":false,"showSkybox":true,"showFlares":true,"showImageEffects":true,"showParticleSystems":true},"in2DMode":false,"pivot":{"x":-13.607691764831543,"y":-9.190857887268067,"z":-1.864429235458374},"rotation":{"x":0.18758033215999604,"y":-0.7494727969169617,"z":0.2390192151069641,"w":0.5881956219673157},"size":28.808576583862306,"orthographic":false}